-- phpMyAdmin SQL Dump
-- version 5.2.1
-- https://www.phpmyadmin.net/
--
-- Servidor: 127.0.0.1
-- Tiempo de generación: 14-05-2025 a las 23:32:38
-- Versión del servidor: 10.4.32-MariaDB
-- Versión de PHP: 8.2.12

SET SQL_MODE = "NO_AUTO_VALUE_ON_ZERO";
START TRANSACTION;
SET time_zone = "+00:00";


/*!40101 SET @OLD_CHARACTER_SET_CLIENT=@@CHARACTER_SET_CLIENT */;
/*!40101 SET @OLD_CHARACTER_SET_RESULTS=@@CHARACTER_SET_RESULTS */;
/*!40101 SET @OLD_COLLATION_CONNECTION=@@COLLATION_CONNECTION */;
/*!40101 SET NAMES utf8mb4 */;

--
-- Base de datos: `accesobiometrico`
--

-- --------------------------------------------------------

--
-- Estructura de tabla para la tabla `asistencia`
--

CREATE TABLE `asistencia` (
  `Id` int(11) NOT NULL,
  `Id_Empleado` int(11) NOT NULL,
  `Fecha` date NOT NULL,
  `Estado_Asistencia` varchar(45) NOT NULL
) ENGINE=InnoDB DEFAULT CHARSET=utf8mb4 COLLATE=utf8mb4_unicode_ci;

--
-- Volcado de datos para la tabla `asistencia`
--

INSERT INTO `asistencia` (`Id`, `Id_Empleado`, `Fecha`, `Estado_Asistencia`) VALUES
(1, 2, '2025-03-30', 'Ausente'),
(2, 2, '2025-03-25', 'Ausente'),
(3, 2, '2025-04-01', 'Ausente'),
(4, 3, '2025-03-28', 'Ausente'),
(5, 3, '2025-03-31', 'Justificado'),
(6, 6, '2025-04-07', 'Presente'),
(7, 6, '2025-04-07', 'Ausente'),
(8, 5, '2025-04-07', 'Ausente');

-- --------------------------------------------------------

--
-- Estructura de tabla para la tabla `departamento`
--

CREATE TABLE `departamento` (
  `Id` int(11) NOT NULL,
  `Nombre` varchar(50) NOT NULL,
  `Descripcion` varchar(100) DEFAULT NULL
) ENGINE=InnoDB DEFAULT CHARSET=utf8mb4 COLLATE=utf8mb4_unicode_ci;

--
-- Volcado de datos para la tabla `departamento`
--

INSERT INTO `departamento` (`Id`, `Nombre`, `Descripcion`) VALUES
(1, 'Ferreteria', 'Ferreteria del Centro');

-- --------------------------------------------------------

--
-- Estructura de tabla para la tabla `detalle_asistencia`
--

CREATE TABLE `detalle_asistencia` (
  `Id` int(11) NOT NULL,
  `Id_Asistencia` int(11) NOT NULL,
  `Hora_Entrada` time NOT NULL,
  `Hora_Salida` time NOT NULL,
  `Horas_Trabajadas` decimal(5,2) DEFAULT NULL
) ENGINE=InnoDB DEFAULT CHARSET=utf8mb4 COLLATE=utf8mb4_unicode_ci;

-- --------------------------------------------------------

--
-- Estructura de tabla para la tabla `empleado`
--

CREATE TABLE `empleado` (
  `Id` int(11) NOT NULL,
  `Id_Persona` int(11) NOT NULL,
  `Id_Departamento` int(11) DEFAULT NULL
) ENGINE=InnoDB DEFAULT CHARSET=utf8mb4 COLLATE=utf8mb4_unicode_ci;

--
-- Volcado de datos para la tabla `empleado`
--

INSERT INTO `empleado` (`Id`, `Id_Persona`, `Id_Departamento`) VALUES
(1, 2, 1),
(2, 3, 1),
(3, 4, 1),
(4, 5, 1),
(5, 6, 1),
(6, 7, 1),
(7, 8, 1),
(8, 9, 1),
(9, 11, 1),
(10, 13, 1),
(11, 14, 1);

-- --------------------------------------------------------

--
-- Estructura de tabla para la tabla `empleado_rol`
--

CREATE TABLE `empleado_rol` (
  `Id` int(11) NOT NULL,
  `Id_Empleado` int(11) NOT NULL,
  `Id_Rol` int(11) NOT NULL
) ENGINE=InnoDB DEFAULT CHARSET=utf8mb4 COLLATE=utf8mb4_unicode_ci;

--
-- Volcado de datos para la tabla `empleado_rol`
--

INSERT INTO `empleado_rol` (`Id`, `Id_Empleado`, `Id_Rol`) VALUES
(1, 6, 1),
(2, 7, 1),
(3, 8, 1),
(4, 9, 1),
(5, 10, 1),
(6, 11, 1);

-- --------------------------------------------------------

--
-- Estructura de tabla para la tabla `horario`
--

CREATE TABLE `horario` (
  `Id` int(11) NOT NULL,
  `Nombre_Horario` varchar(20) NOT NULL,
  `Dia_Semanal` varchar(20) NOT NULL,
  `Tipo_Jornada` varchar(30) NOT NULL,
  `Hora_Inicio` time NOT NULL,
  `Hora_Fin` time NOT NULL,
  `Descripcion` varchar(100) DEFAULT NULL
) ENGINE=InnoDB DEFAULT CHARSET=utf8mb4 COLLATE=utf8mb4_unicode_ci;

-- --------------------------------------------------------

--
-- Estructura de tabla para la tabla `huella`
--

CREATE TABLE `huella` (
  `Id` int(11) NOT NULL,
  `Id_Empleado` int(11) NOT NULL,
  `Huella` int(11) NOT NULL
) ENGINE=InnoDB DEFAULT CHARSET=utf8mb4 COLLATE=utf8mb4_unicode_ci;

--
-- Volcado de datos para la tabla `huella`
--

INSERT INTO `huella` (`Id`, `Id_Empleado`, `Huella`) VALUES
(3, 10, 5),
(4, 11, 6);

-- --------------------------------------------------------

--
-- Estructura de tabla para la tabla `justificacion`
--

CREATE TABLE `justificacion` (
  `Id` int(11) NOT NULL,
  `Id_Empleado` int(11) NOT NULL,
  `Id_Asistencia` int(11) NOT NULL,
  `Fecha` timestamp NOT NULL DEFAULT current_timestamp() ON UPDATE current_timestamp(),
  `Motivo` varchar(100) NOT NULL,
  `Descripcion` text DEFAULT NULL,
  `Tipo` varchar(255) NOT NULL
) ENGINE=InnoDB DEFAULT CHARSET=utf8mb4 COLLATE=utf8mb4_unicode_ci;

--
-- Volcado de datos para la tabla `justificacion`
--

INSERT INTO `justificacion` (`Id`, `Id_Empleado`, `Id_Asistencia`, `Fecha`, `Motivo`, `Descripcion`, `Tipo`) VALUES
(13, 3, 5, '2025-05-05 03:28:19', 'gfdf', 'dfg', 'Personal');

-- --------------------------------------------------------

--
-- Estructura de tabla para la tabla `mantenimiento`
--

CREATE TABLE `mantenimiento` (
  `Id` int(11) NOT NULL,
  `Id_usuario` int(11) NOT NULL,
  `Fecha` date NOT NULL,
  `Accion_Realizada` varchar(50) NOT NULL,
  `Descripcion` text DEFAULT NULL
) ENGINE=InnoDB DEFAULT CHARSET=utf8mb4 COLLATE=utf8mb4_unicode_ci;

-- --------------------------------------------------------

--
-- Estructura de tabla para la tabla `perfil`
--

CREATE TABLE `perfil` (
  `Id` int(11) NOT NULL,
  `Nombre` varchar(50) NOT NULL,
  `Descripcion` varchar(100) DEFAULT NULL
) ENGINE=InnoDB DEFAULT CHARSET=utf8mb4 COLLATE=utf8mb4_unicode_ci;

--
-- Volcado de datos para la tabla `perfil`
--

INSERT INTO `perfil` (`Id`, `Nombre`, `Descripcion`) VALUES
(1, 'Ventas', 'Venderdores');

-- --------------------------------------------------------

--
-- Estructura de tabla para la tabla `permiso_perfil`
--

CREATE TABLE `permiso_perfil` (
  `Id` int(11) NOT NULL,
  `Id_Perfil` int(11) NOT NULL,
  `nombre_tabla` varchar(45) NOT NULL,
  `Ver` tinyint(1) NOT NULL,
  `Insertar` tinyint(1) NOT NULL,
  `Editar` tinyint(1) NOT NULL,
  `Eliminar` tinyint(1) NOT NULL
) ENGINE=InnoDB DEFAULT CHARSET=utf8mb4 COLLATE=utf8mb4_unicode_ci;

--
-- Volcado de datos para la tabla `permiso_perfil`
--

INSERT INTO `permiso_perfil` (`Id`, `Id_Perfil`, `nombre_tabla`, `Ver`, `Insertar`, `Editar`, `Eliminar`) VALUES
(2, 1, 'asistencia', 1, 1, 1, 0);

-- --------------------------------------------------------

--
-- Estructura de tabla para la tabla `persona`
--

CREATE TABLE `persona` (
  `Id` int(11) NOT NULL,
  `Foto` blob DEFAULT NULL,
  `Nombre` varchar(50) NOT NULL,
  `Apellidos` varchar(50) NOT NULL,
  `Fecha_Nacimiento` date NOT NULL,
  `Cedula` varchar(20) NOT NULL,
  `Estado_Civil` varchar(20) NOT NULL,
  `Correo` varchar(255) NOT NULL,
  `Direccion` varchar(50) NOT NULL
) ENGINE=InnoDB DEFAULT CHARSET=utf8mb4 COLLATE=utf8mb4_unicode_ci;

--
-- Volcado de datos para la tabla `persona`
--

INSERT INTO `persona` (`Id`, `Foto`, `Nombre`, `Apellidos`, `Fecha_Nacimiento`, `Cedula`, `Estado_Civil`, `Correo`, `Direccion`) VALUES
(1, NULL, 'admin', 'admin', '2000-01-01', '0000000000', 'vacio', 'admin@admin.admin', 'direccion admin'),
(2, NULL, 'Juan', 'Pérez', '1990-05-12', '1234567890', 'Soltero', 'juan.perez@example.com', 'Calle 123, Ciudad'),
(3, NULL, 'María', 'González', '1985-10-30', '0987654321', 'Casada', 'maria.gonzalez@example.com', 'Av. Central 45, Ciudad'),
(4, NULL, 'Carlos', 'Ramírez', '1992-07-20', '1122334455', 'Soltero', 'carlos.ramirez@example.com', 'Barrio Norte, Ciudad'),
(5, NULL, 'Lucía', 'Fernández', '1995-03-14', '5566778899', 'Divorciada', 'lucia.fernandez@example.com', 'Zona Sur, Ciudad'),
(6, NULL, 'Pedro', 'Martínez', '1988-12-05', '6677889900', 'Viudo', 'pedro.martinez@example.com', 'Ruta 9, Ciudad'),
(7, 0xffd8ffe000104a46494600010100000100010000ffdb0084000906071213121513131216151517181a19171716171918191a191e1d1a181a1f1b1f1a1d28201a1a251d181d22312125292b2e2e2e171f3338362d37282d2e2b010a0a0a0e0d0e1a10101b2d251f23352d2d322d2d2d2d2d2d2d2d2d2d2d2d2d2d2d2d2d2d2d2d2d352d352d2d2d2d2d2d2d2d2d2d2d2d2d2d2d2d2d2d2d2d2d2dffc000110800b7011303012200021101031101ffc4001c0000020203010100000000000000000000050603040001020708ffc4004210000201020403060402070606030100000102110321000412310541510613226171813291a1b1c1f0071423425262d133728292b2e1162443c2d2f13453a215ffc4001b01000203010101000000000000000000000102000304050607ffc400321100020201030301040905010000000000000102110312213104415122051361f02332718191a1b1c1d1335262e1f114ffda000c03010002110311003f00f5ec66331bc42198de3319884331bc663310866331b8c6e31086b1b8c6463788434462075c59c4751310850a8b889d7176a0c42e988429f778e6a2e2c94c70d005ec3a9c300a9517109a58bca01da0f98be3914b053168a4b4f1cb262db53be382986b051115c72f4f1634e3a14e712c94506a78e3bac49c4f329450d4a8da5445e09dc802c2fb9c53e1dc5e8d776442495126411698e7e60fc8e0ea069273431da40c4b51711ce0838255c616c714ea02480448891d26e2718d801244c4ca71023624180d051d3e20618958e232711119a55c6f1c16c72d530681677ab198a86a1c660e91750e78de331bc505e6633198d8c421ac6e31b8c6f108680c6f1bc6e31086b1b8c64fe7f3e9f4c56e26f51693b520a6a01e10fab493c81d37f96210b38d38c0dece56cc3d1d79934f51248eec1002ec264ef6267cf15b89f6ab2f4a429ef5ba25c7bb6df29c4b2051d703788716a147fb4a801fe1176f90b8f53852e25da3cd56900f76bd29c83eedb9f68f4c0aa543cb0ae41a0ee7bb5aed6a34f48fe27b9f90b0f7270b799ad52b543de31780bf11b03e22606c396c3042965fcb1c8a1a5981ddc9d33e4abf2b83f31d70b63240dca50f0298831323cef8b295ab2fc356a0f476feb8bcb4d55402544002e711d4cdd05deb521fe35feb804a354f8b6686d55bdc2b7dc62c53e3d981be86f553ff006918a2fc532a3feb27b19fb6207e3b94dbbd9f4473f65c1b64a41e4ed2b7ef521ece47d08fc71728769a91b1475f38047d0cfd30a0dc7b2dd58ff808fb8c45ff001165b92d46f40bf8b60a9481a50ef9be2d967462c430024a953262f001173e580d538be5f29621806623c28201dc9b44891b9b92dcf7c00ff8a282dfba7f9a7fe471c716cd1397d4aa02d46b0d5b068a9cc45e23ca70ca6ec1a3608e6bb61aaa2ad12d0c557c48b624c12496da08f962f67ce769a83deac9215545352492600f8baf336c79f50560ea488008bee37fae3d29732acfdebd5a700c52e6009bb11ae5498def0bcc4c62cbb11aa2a65b84e769868cca0663a98f74a493ea4ed8af9afd756a53a673a9a9cec28a48104cefd447cfa1c1bcef1455595a94ea36caaa2493ecfb61669d3a83328eecad50b29630484591205f72081f9188e9115b1bf24acaaa19b5b00033446a31730369de31794e2aaef890b62c68a9336cf88d9b180634ed1f80e6704966b14335c4150c686208b30883bcee41b5afb5f17024dda23a72f7ebf6fbe01f6b0b9a61e98f81a0b1304cc485045f613b6d69c076f65c8b27a62df82e7ffd4a7fc2ff0025ff00cb198483c46a8dea28f22541faae330beef3f98fe664ff00df0fed7f97f27bce33198de2a3a8663606360629717e294f2d4fbca93a7505f089327ff58842ee378094bb40953fb2648262754c13e5c8fae0ddff00f588437813da5e25532f4bbd414f48650ed50bf843305042a292d76da45860b0c2cfe90cff00ca84e6f5140db94bf3feefce311908db81e63305731faea23e8211f2d4c0054dc062598d4593204d89245f0afc74d5a556892d512a01351ea553517c53a590d460156c4ec08da311e5f8cbe4e916a6c0dc128cd28d247227783c872e9beeb66d737356b2aa02a1200b283a898f1124ea1f17bc5b0ac747799e374ca857cd965fe10c5c7c92df4c50a9c7b2cbb2bbfa2803ea461733f956a6dbc824918d23024da27001c866b76a80f8680f5669fa01f8e29663b4d98e5dda74d293fea2714aa529b0245e711ba448231360d1d3715ccb11aaab80762a42f5fe1f4c57a8a584b92e7f9893f7c68b8e43deff00fa8fe98cef8f5c4095aa281c87cb1dbd200882648048205a6e23db1ce65ad8896acf3c1012e8b6364208d2ac0f324d8f58bc6fb401888d4c721f10344c3180802ca01ea39e206a988dea9c42121793f4d81bdb9137c3c6728ab64a9a023585a4c4446cac9c845cd8610f28c7548dc5ff003ef8f45c81ef321aa6e6808dc9051d985cdcedcfae0b54ac09dec28d248120c7a1c5ecd718744a7e324b0317888009b8b9fae22af4367110d703a7223d883ed18155736c1950b3402d10c445b947e38b53454d05b84f1b26aac982d62cc35dbac822081616f59c5ce259a248642020234c34924199eb3327d861732ef5352915198489b991ea397aede78bf56ab39804c721276fe986863bdc59e4a747aaab4dc73c4a2703b84d59a348c7fd35fb018234f0e5499de9b63ceb8af19cd51cd56515884065430563060dad3024ee631e91a71e6bdbec9c672991ff0051403f553ed17c231d239ff89f3525bbdb2c58a5337ff2efe78a8fda5cdd406935405088202a8370c45c099d617fcc703d65a04780787545a6d27d4f4f4c61a0b4c924866505ec0693dd90e7ccfc26f6db98c06c3a6f60fe5f8a2e91e223c8c93f302f8de02143b6a23d863305f458defbfe270fff007e68ed6b6fb4fa2631b031b8c6e3149e84cc28fe924cd0a493135355ba2a91ff0070c3781845fd21540d5a953e61091027e231ff0060c4166ea226f72a89a919838208712a44106c6c41b60965bb699c2a116a49060b6850795aeb13e78abc6692e8101b79dcfa6c2dcf14329973b05b0b9171262797291d3960481857a4f43fd1fe62b566cc55ad519fe05505a40f899a04c0dc6dd31dfe901c13974ea5dbe4147cee7eb8b1fa3ca0572cec7f7eab11e81553eea7147b707557a6b3f0a4fa6a63ff0088c0ec5bdcf39e2d49457aa63c2b1b1b7c2b6daf263e783fc092288e9a7575f87c573fe3c06ed0533ded416f1104dc0f0aa8dbc899f75c3165942d2f212227969d3f71804429f1efed00bec63dcc7e18a597a4cec154493311ce04fe18bbc63c4c5b50b40d3cf99f95f1cf67180af2792b6ff2fc70ee2d558a572639c118d079c38d5e0d4b32ac674d48f0da67d40dfa61373f93a941b4ba91d39823a83cf08d0ea4739ba6b12bbe0797c4ed5b142ad4b9d8fe1f9fc70512ceaa3e2ba3c48c6c93e47f3e58e7bbbeff0098c1d89b9297c71ab1cb8e53f8621a862e4fd87dad884dc9c4e334926310779e7862ec9521acd7700aa1014104cb58cc03c85fd48e983156c56e9597b8cf0bee29d1436634fc5fde2da8fac481fe11861ecd54ff0091a526d04b7a0a827e84e077e90aa41a0dd43fdd0c7adf12f672fc3db6f0d3ac279dc068fa7d3024f5062a8174e95aa5333a90961ede171f201bfc070bf9aa2fde8856224dc031307a7961873f5b4d72e2faa1e3a8701c83e475460071bfd9e6069362b37d8aeeb23d0838317b0acd6528d415161585f7d27f31838940904fc3e76bc1e63d7e8060064006aaba3c2d3b72d8dc1fc0fcf06b419d3067603901e7e83f37c6ac3c332e7fac90ff00d9421b2d4a22d2b6e50c447ca30c14e9e177b0b597b9647655d0f6048162018bef186ca75297ff006d3ff3aff5c24a6878c48f463cff00f49a3bb7a3574cda39feeb06eb7df638f491529f2a89fe61fd708bfa564439748604abf2326181e9fdd3f2c577659479ebd77d40969d04dbf01d05b1c52d46aa862006251a6c21c683e96389aba8dc9170a7ce485f3f3c439d11723a1b7b7cb06c88239397a68c17750799bc5f7f39c6b16388aad0aaf4816014ca8d7b2b7880f9118d62e599a55472f27b29ce6e57cb6c2197ed6669744577841006a3b798e7ef7c755bb579b662ddfd452792bb69db9098c54e259e7a90ac0200674e9e9e66fed316f2c42f945487069b7f29b300458b2cc47b9e58c0e275c61e19dbbcdd3b39ef66c3509326ff00bb73be2d66b8bfeb2fdf9010901627603cca91bc98f3c09e154d430d4a106825c1304a9b8d21c8831fc3be2f014d4c2091a8e9f88da4c0b44dbcf0f14ca73ca9206f1ecf152aabce6f727a73f4e98ef26cccdb31b7866d3cb9c5bf3eb66b3dd980822147df979e20c8e6daa66885b854207a481f6c095be391a32d38ed9e99d98cdd3a595a6ac486f11220989663c846c4600768334b5734c566c116399101ad17fdefbe2ba67aac42a8851bc19fcdf097c538cd6199a854f88347bd947e6796238c92dc98b3a9b748b3dac07f585e62ae91eb0608ff0049c1e6934ad17067ac07b7a7c5853198ef2b530e75306b5dbc379277dc91b72fa619f3b5b4d1b7381f35d5d7a8c29a2c4fcec77a676913e62d38e737569ad4068920479d8e20cf5705dbfbc714d9e30fda8afe23070fe38577b106411683edb625e25c47bd0033165dee4fd3a1c2cad7b104033f39fcf2c696a3b585fd37c0b2593e669a8b483d1bf0e981d5ac6d7f4be2c66eb3695b9e7f48c71c3e9336a204c47d670492748856c60f87db1b70bffd97feeffbe3be3744ab89b123fa0fc30374e251232b45caa7600c9e91fef8e0a3291aa545ef17b63591a259e009304c1f2b9fa0c5fe2d96609a8a803ac8f3fe98342ca7b95292a4882796187299b455d131724edb937e5854cb13ad7d47df162a664ab1dfe23f7c41c2fda4e306b1a6bb2d30401e76927cceff00ef3862ec9206c9b020125aa006d23f667f027e671e7c9524df1e87d89ffe3817fed5bac4683bf973bf4180f80ae4139fbad16eb4e0faab32fd80c0ee25946a88acbbd3906e07809906e7607549f35c103272e87f86a38f62a847d4362a8f8d44c6a052768982a67943007db05019c76572c4e6515a0c83f0b293f20670e2c1518909a4890a2c4911d66449da3941be12384d6d39a427c0e188240b6c41900886f31cf973c38f11e33a6ea69a9b72f146de7b0e607db0faa8471bdc2bd95cc785d743033aa088b401382a99804b0d1106258a81b03d679e167b2dc621aac16a8494324c123c40effec2d872a55c36a286e48267702141b7b79e17e8ee9f2ccf91cb5349f050d69cc8df9587d2ff005c2af6f1e9e9a656010761630419f6b0c3955ef018620de00923eca01b7e384eedc526eeae17c2e5a576304247b17dbc89e78b5614b748aa399ea4989a1c11703185458803ced8aa58ce25a6fcb10d746ea53be331614e330060fb656a9014a10cdf08840379936ebd7cf119acc9a520a30203584ccc193d0dadb618b3140b68d52b30204caced32be127a1c76991a290ce9de3c1b4170237881f0f5622db0eb8cc9d132c963a4f97c216b3599ac7c7acb10c4483d0c5a2c7dbae1b13883280aa24dafe389f598c526146a06223c8d350164440926f71f7c4b99cc952018136024024f4ea7d0622935dafeff00f40c98a724a9d1573b99312db9624fb40fc310765d8f7b51c741f53fed8d2d2ab574a85be92cd240024b1bf418b7d9daf96a4e53bdd755e000a210f3dcfc5f2c326af70e484bddd20d55ce553bead85f408ea3d36b63cff38487a8e209677604b0b5caac49f8be23fe1f7c3f57cce8f0783602daa6e34ecc09d801bf2f5c2057cb354aa1141bb102df1103616f57f2ef3ceef3667e97993b38e0684555263483c994de0c0b1c36f17a83bb51cbc1f38607ec309fc32a306604110c004039f8bde447d7cb0c5da1a9648e907fc3ec3f8ad6f73be11f26c5c09d983e227a9307adf11bb609d4cb6900b0b3128b3bab4092472f16def816eb713b18db78ea3049446ef8d50ac436a0608c16e1dc3a9560416d0546e4a80cc4f8400489b03699b1c41c578753a54d1e9b965702491b98d56898041b4c7c3cef895c80ad9c7664a76bc31f606e7e98a4eee9f0c11d648fe9825c1f37a1d4b29d3a5b49004cc36c608178e476f3c13ced2a49490e900681dd311a95b7696bf393e183b8db9056b8238a6b717330f5182165805654dee24a93e62411ed88421c38e52950ab34cb0a68348178d440d456c6744b92394a826e701b89641038eecae93b31695313a883b81200889f98c36f7b812496c065761702797e7e58c156a1f085ded0264fa60cf1034a9d2010b392a03b6901356a669db5480c145f91b6d8b5c1725569ba1712a95353f812a006c34ea1a9413a627f9b7b606ad88e11bb62e6581d696fde5fb8c739b3e37f266fb9186ae37c3a9236b0eb26b07520dda9b80cbe00360446a1696223985ea99367aac3605c893b02751bff0094e259153568a9414cfaed8f41ec1bfecc8916a9378e6ac2d3cfd3cf0a390a2ed5e904999842379bc11ef86dec1532ad5e99dd6a446a8d99d4de20c09f5c0632f20fca540685513b3536ff00529ff58c0fcd296b2c1df981f29227db167862c8acbd691fff00255feca702f3b603d70572c07556931a895415f15c9d69f1ecdcee49f17f8c625a658d98ab0e9ad2de97b1fc99c327e8dc87aeda9412b4dd835b9e956f7208bf961738b64da9d5752a40d6fa4c402031123a8b72c0524e4e23b8545482dc0a01a82770089371079c7aefff00ac18a99d7332fbc1b7516b74c2e7670c3b8dbc1f3865c39bf14a4c2982e4054d0cb0489eeca6af8a2c4f2037c6ec505a375679af68dbea3eb56cbefdda2ad1e35517e221bccee06fc8df15bb55c543d06025a40f13587c486177fc9c5fa199a429aa6a0407258943e20620c1104037209fdd8bce0276a8d334bc264ea9631036a7b785644a9fdd1869c2d3742f4b96509456b4edadb6fe452ef31253a988748c4889d0e329e80b4b5ad8cc7000eb8cc408f39d8a075856a9574aab4e926e47c304e80498def82390c85734d8a1d6f534d9a9c05a60930e1ceec4c5c811b617780a3ad0ab568d42caa069563a4ea3332412540bb42912585f04b87718cfbd3fd9d305482dac89d476eb61688dfef8c5a56ab3776b2d70ce1b5a9d42d5cbab5f4e851a44d89d74fc02a103912d04fa8b996e1749dea22066ef019923bc2c6df196803cadb9333bd2c853cc660f7b5438549514e98621dcc8f086300f8665c98178b888f8c65f36ba43277545ac74cb90796b2a67ecbef859ebbb5c1169efc9171ecbd4a6832d970ba00f1146993be907f7a37246e4d80c04e13c0eb25462e15612c58829261609e408906c4df6be0cf0fcbe8a0aa2b23e8620b5d7ac48620ce96b89e7e58d8354b482af632b3c87df7e7d715bc8d3743e8bab355b2d5528ad44a948d52c3c65432010c25001170756c220efb98e8e6e88a65e9ab8a8f75534f5314034965b85a6a44acde6e222662e2bdad8a69529aa12cc4415163054d8581379e667cf1cf0ecee60d7a755a674106900e42dc0a7a96e40b93e5a717293685d28299c397510c812a2d30f567bb0c85810b78075dfcc098036c4ac89dd3be9350ad347520142cab3ac16be86d2448106c3e1e71d19a4b52b67a199bc2288330b369fe1920349bdb61812fdb25a5508148a8243d8b1da57c30641b01e7e582949ab5b9255b6ad8295d1928d40a195254d142e81c0d43e21a6544def2dcb7c0ae35468d2acb52a1a7554c0580aa44c800a899555020f91fe58e6ae769e751e54235252c34108864eec36dc99993d0e00f0fc9a353ac8515aa04628c18dd810d00130c4a923e106d1b99c4842316da55e44936f61a68fea4031a619350bf7755927d42f28feb891785656a1a7496933125554172545820df901f4c79ee532f5daf4e9bb098940c6fbc5b9e187b0eb557326ab02051075863046a0cbb347c225bdba918b5bd8a62add31af3f528f78b442b69a5a929842442c09b7336927d4f53859e2d4d49a5469e5bbc6676550f559f48f0904776f0b32d733f06d7bda6e3595a599a95f2e6a3d4606d52340d421f4f320ed7da716a8f04aaa52a65455d35e9132c148a76565966b45c74d8df0a95248b5a526d94b82f679aa9735298a012514dd8f790b682c47c2049f3e7718ebb41d99ee822c1ab51b4c34c13fc5a554400241b904cf4182dc029545a632ef99eeeaf786a156546958ba832c15ecc6c799def17789f15a150e968d00c48245c9d17617d524731bdf19b2f52f1cd269b4fc7ee458d52a404e39d8b55d080a86800c2341920f81a619a2da60493e624d765b235529ea2f0d509f8892034b289eb3a45c75c05e354aa1359e9d406965e98ae8a7c455c2aaed60aa27501fc82c7147827692a0cb3bbb994740a042013acfee01cc4dfcfae1f2c7df63d2be1f877fbcaf32d0d6de3e7e7b177b41935a8b4bbca92ca424d3d3a75aa87723991a9985b6d270329f01675760cd024df4accabde099d214926d3e2182396e25932c99879d4cae2a5100323c964bc0f0feeb401bf3c34d5a1402b9546a687e334cc12206a41a8c6ea245f0e9ca3e94af9fc8af3f53831b4e6fe7e7f9e04ce1fd95cc33809a95a9b0f102a2d3e2606e401b8256f222707786504ca57aa8ed2b5c8615082ada99a4788b116258911cbcb13e438f82d4f29968a687e2080008012cc7513e26893cee66d8d710a0ceca09a6f5a9bf806b0c4f88b286452b0fa7c37b496eb812cbbd3b17a76f3cbeafa6bbfcefb03f35d987a35982ba30d064195205457406e208d5699e9819c27867fcc04af441520cea1a800006245e26da41eadcf625b35c75dbba485d4188d47c24aceaab4dd7f84a8223910a7718833dc668a404a455c53eec3020ea5907c70012fe1de799b5ec54e4d1a278eae9fd9f6fcd077b2d93eeb32cbdc22215755743b90c25488104693f2c34710e1f4aa690f491c2f26507cb98c2076438c97af59e61155aa3080048fe1056c496009b5a7ca3d19ebae80e58052010c4c0bed738a67ab56e5f8e71a71f1fb8a1c77b2d42986af441478328b1a08b1302241b4dbff4b9c3abab3994660ba8380b256411b1882099bf4c3b714e26814d4574a9a2fa430607900626c4dbdf0038b67533542abd12a9594994a772f4c0898b6be6662d04799d987a99e38e96737aaf6661eab2ac97c78aec55cfa014430a35144800b5309b086b824b6a620df6b81b617f881269bd8fc27716c1cecb55d48d4b32cafa946846597413a7c3a8c2c8824c8e578185ece535151a9d0356a30254abe83004ccfbee4c6ff3ba1d6eab835b98b27b1d2c8a78e5b2ad9f2035cad4285c29280c1683a41e84ec0f9639556f961a7315f2ab4153bcafde1bbc80558911606a0022c2778f9625e13c51529814a8e9220546d45751b160194c9e4609b79e2b8cd35bec74b24249ad2afcefc7cf815437a6330dd9afff009acecc46924c9014afd14903db198afdf7c196fb8ff25f896bb2b92149753d4545520b020313d04031d779da48b41bf455c6beea8e8a6ec486a60ae99f21b8f41fd709b35590540ddda06b13cdac6c0f4b60b708cee61c42bb0de5a489f96dfef8ada746c59211d92b0b705af98a5986d75d994a4a8e4ea6361b0881b738c3466f3ea51a9b86f1885659882372dfb807527d2498c2bad3aaac1deaeb23f89430fadf00fb459daf58f82bca8527407442a00f1400412206c3114fb15e5a7526b81938465d6986fdb0a80b7c5a61760088372644c9bde3962d53cca02ccc556602ea3a475204edcac31e4cb9ba8a085a8ea074623ec707b84706af9af1d57654513ad8cb1ea164d8c5ef6e785960eed89ef7b2432e5fb4195a751a99a1a8a33307a7cc1327e1b92755e3a9c53e2fda9cda4f76a512fa4b6a961363d048bc5ce2d6478a51a05bbaa3039b896761eac205fa5bd30378d76c19b5693a5a4dc403bc805a25a3e57c18c1782c79e718b8d9027697348822aab065631a14e92448bc03aa47db7c07cd66cb9f1b1663e11a8c9024c474c19c9535ce85aaec29252075b00a5a469d32001b9d57db6dcdb10f0cc8e5deabb166eea90d6fb49b88122f1f581d6f8b2349144db6d6e6536a410ad3a0f5d8a8ef1816d1abc825e01277df177b26ca94fbdef3ba4a6efdeaea96a8554e9501aea0779737b01ed1f14ed16a1ddd1d34e900005510062df61bbaab98eeab2778a41266f700913f2e7e5bc60493710c6b56ff003dca5c7f3cfde32d131469aa1a612cba5c02b11b96b9ea60e2df67787b1cbe6ab253d55175d359065a8c893e7703e5866e29d9ea35492cddcd149eee926ec0409258f846a0547a1db7c53ac8292f774d8535b81a4c4c1b9da4f8893333602e4e2b73ec5aa093b625f02e1458b3d59a6a040241f113d0748e7d48e98f5cc9b16a29dc532d4a340d2042816b8241b63cfb31992afa6b12566e63f6ba76b93306c0c11f7c39710ed552a14a9d1cab4808be2304dc4edfc4667ca71a2328d5f7fcbee31ac3d464c9a1528f66b9fbeed7e080999a1468e729bbb0a6a8492b1adcb2124c81b920c98981e431478c65721580397ce22b87ef22aabaab1dee48b5f9fae29711e20ceda9989690f26fe2b19e82ff002fa60d7076a75caa7ead42ab390b0692a32dc92d306469bc08f86d33638a1095df634f51832e08a4a57e5b5b86b8652a67f58575008486a60ea10c6c2fbc8537feb85accf6629d1cb54a6cc0f7d550ae90574840da66c7c505a4c45fdc3ed6c8a257812d52ba80f6101501d2474b98dfa74c2f76c54524404c90fe05e458ab013e924c79631b6e3269176d386a651e339aa996d350e914dc0d2ddc06240b6a057c496dba036c56e13c4b2b5f552cc2b2b41bd32da60dcf84b7858751d4ed7c13cfe8a99555055a97728ca0ccacc2813370276dc79f245ecc5054cc3bd4628349540d20966216d1c8027e63031d420d7855f6944fa18e49c52dbe3e3c8e393ecfe4a99352955ac1d8305f84900d8c6fe2f39e780b5328ed9da54e9072548a83515d5e162658c755b8f903cca766384d477d4f46b0462e19882a6078959766d5aa05a76c15e1347f56ae5ea2bc5622996648d31a8a92d037240337363c8e2d799b8fd533e2e87262cedbc9aa3c714eff003bfd88932bddf105a9dd316acbab59d5fb39587568585e63c5ce05b00b8df64f4e714a1fd8fc526ea00dd6c65bdb91dad87be268f4cca8371b2899e91ef85f7e0f9a23bd7282f60cd71f2040f9e171c96cdb3765c6e49c7c954d10b4e028d55891518feea9610a4ee0739b8107ae273c36ad5cb21a6c2b80174b29b4a91c98c8d888df162b7143dc7754a12b390d52a03758fdcdad700d89b1f31827d8b73dcb296662ae64b193700efeb38b23d54b15b8d6f76bb533367f65e0cae29b97a69a76aed2e7eff889e9c36b3d48348d310436ada091d07afcf1d71ee03faae66854a0ccd455f53499d1041b981208c3f67d30a1c7b8956a4ecaa8b54300453d2da8a441832412181b01b11eeb2ea679124eb6fdc6c5d0e3c16e17bf9f803f3fc3689cc52aca597be00af7444f79ab49883e1304127a936c0fe21c529652a1fd590eb2aa1d986a322fb6c1b633168f338bbc12b65551eb38646660169b38f0e956d2c837035310567a7a620e13ff00ca77a7546a7308b660ea7e2ef09f86d7eb3c8e2b71776dede069bf5a4b65577dbe7e7edb1d9dcae5f3e4feb0a28ba01a6a07eee44dbc20e9241c1be2b5a9e5297ec14d477a803c91a59b48d464881216e3a99c01ed2706728d592877452015a6750742609b589163200f31b411c9e49eae4c5276d26a10cc58f8c692a0408b5940c339c14775fe8b21727e97db95dc55cd71066727b92279008df5d37c6609ff00c00fceb83e8bfd71983ab10ba32fcd0bc88f529d252de10a773372cd3ee70d7c268aa281f7c2c7666a020a1dc1d43d0c0fa1fbe0e2d51317f91c4caddd070c5558473556ea775920883d081b4da7cb1cd2cae5a94c52a6123c5aa408223c445e2f7c7753301530ae9c48d6a86986b4953ea04fe18cd183937f8b344d638aa6b926eda6528eaa4129a50d4c41d208f0d8831276077f31bc62df12e2c94a9772a03686d2baa0800083246e6e6db6f8a1da6c8cd1a6501664378b921adef703194bb3ecda6ae69cd352b2c265a6d124da48be34c649c55b334e2d49e94536ed0b05365f1089022de5d37fb600d6cdc988f7c36521c3916f40d4627c0baea13e5aae047b0c6a8e77287fb4c8a28e5a48ff0050927d2716a9aec8a6517dd805b2359281ac6550e98fe7bc72e93cff008b15b2b9b8a5505f54a1f2d23503f565df0d19ae2b96aa872ed4cad15ba9a6c667726e0dae7799c6fb25d97cbd6aac466254024d374862a7c26483a62f722f7d86f83ab6dc9a55fa44f4cd1e676c3ffe8f75d29afa7e3d2079ac991fe28fa0c0e6ec381508bb2cf27b7fa41fae18084a06977a42aa195a6a60b42809b1f0a820c9f2f3c67cf36d540bf04343d53e029da2e234ea2236a0ba9b46db6927e8237f3c027148b778d50b29b53d8d872de019bdf737f3c2ee638ab200d502b2d5492080459a07a10cbcbf1c0dcd66f50055b9c0036b6d61b188c3460c5964498538b67fbca849d502cb27e5cb15b88a30a146a020ebd63a5d48f9c823e58134ddd891048824c1e9eb871e1fc0cd6e1d7bb072ebce0b08007940048eb3ed64bd293062c9eaa7cbe3f5fd85ba7c418ef31f861d3f47d9906b97262a2236959dd9f41d8f30163d0e16383767732cfa595504c16224fb7e47ae0e704ecd66e96699942b28267c60394dd580303901bc82186d121e44bea977aa75a93a3d2f86077cdb3b2b05821490402018313c89be2a769b87d2ac585504e9f1200597c5b0f86fcf12f63f3355deaf7a0864d2be2893bdf6e7a66dd63949a9db4775a6ce9f12b291e77d241f2be13a75f4914fcfea1cff005655e05ce0ab96a02b867d46b3e914c55527c1b18995d449b1322049c09adc5e2a235280c848568248d568322ff9eb8878ad46a8fe2b0dae85803d03698fa8f4c505592208201b69b0ff006c7a2c187a472ba57cff00cf2717264ea34e94dd71ff007c1e8bc138bf7d4c3b80ad24318503a88fd891b11fbd8bbc438a8551275eb5b0f880171e2966420c1e5ed84ee1d5caa08b5f7123c85f52fd4e2c1602a778da883218cbb08e4665c0208fe21e631c5eb65a652d1c2edfc1bfa78aa5a872e1f5855cb26a20159589e5cbe9180bc5a81a34f50cc3ceda64c7b05607eb8ebb381c062e005260798e4c3c8cf2e981ddb6c91a71556e2c1b6d8ec7f0f718e728c6525e0eac734a38e8a0d54cb353863a45463fb4d4c61d749d6ed710260ff0fa619ff47f5752556eae3fd231e77c3b8a84ac198f866184f23be3d4bb374d15aa042a44a981b8dc5fe58195a84947cf055196b57e0239e5b613bb6199a94e86ba7021b4b1e611a45ba5f4fb61cf3870b7c4d03abd331e2045c481d247313891aee16ad1e749c39c8ef5a916533e2891e1de636f7c7550c5e98f5b08fb4c63d4b86e4c0a08a84232b0626e5491e171e84023d0e1538d7669fbe2d416548d890009e5738ba3955ee513c0ead0b7c1bb4998cbba8a6da95c81a49d8cec09bacf51187f5e3994ae3fb5a74eb831a5eacf8b68d458820e11f21d9eaa2bfed94d3d0bde08535031420c023e1e573851a6a5dcdf733b4ee7ed7c5cf4cd519638fddcb5254cf6c19b5e7622c44ec7638d6056668d5d467245ff00995e9907a112276eb8cc67f71fe46cf78ffb4bb5f8351cbd16ee1346dac904b345b72db5e7603002aa86e43eb8279de3aef222c647b6041add76fbfa75c7acc3d26351a9c51f3fea3da59e53bc53691573341c29d37916f5fc4602702e0f5d2a867a6da20b17d274885689688049b46f383d5b3279587d715736f28c2e6db4efe5ef8a33fb3b1d378f636f49ed8cf7159bd4bcf7ff00611e0944d5920084eb793cad17db14789d72194d526354906093d0f901e637e58a1433cf472cc10901ea1873d142d8753e216f59c04cc5763b92c4ee4e380b154b73d64b2a6b608d6ccd12fab402a4ce9db95b99f5dcee303735586eb6f2e63cb155fcf1a0b38bd2a296eced2a18827fdfd305f86e7df230742b0ac81a093200661f3245fdb02a8b2cc5c936000933823da2cd526d002306a48134b020813258c18524b0f0df7df9604b77444e95f708d6edb552a453a6b4cf3727591e808001f59c56ecbe40e6f31354b328f154626edd04ef7fb038597611698e8771fd7d70f1d8fa9a2808f89dbe82c3ec4fbe166d638ec3e3bc935a987bb53c068d6a3a51551d6e91007f74f283f8fae1172dd9dace859699853067aed6ebe7878a79b62a2a44a060a58d80304fa9b0e538abc678e95a2a17f7fa8b12098f43b1be2ac72916e5506ed03b27c2de9d33de05e7ad7721749d2008d5a89e836178b8c5dc8f694d3a7a6916a2aab1100b3133d6e089368178bf3c52ce71ca92341d3aa248f0cc589277881bcf2c50adc52a2968600eabb8b499dcf4f303ef8b34df255690ccbc75d598bd31a018d5cc9120ec0026c0c0e47e47f857120caba9a1a58c1d3e20482beb0bcbf98e1028552f458d4490353dc917246a36e911cf14f299d2358bcab788c92140db9c6f1f9b615c3c162ccd727b3702ce826a93bcaffde07db023b73991fabd7fee1fc3adb0b1c1bb4e8b54a546bbe8f1136b6a816f36dfd36c3271ec8feb395aa8a6ee8429f3dc7b4c629a6a5b9a352945b479ae43899b90fa4446911063606797e475c5dcb67e93787494730372ca6e2089323688bfc5849150a122083b19ea397b625cae7cad457e4083eb076fa637e39bc7f54e6ca319b4e5dbe2fe59e85c3eb86aba57741e2ebe5d0c4f991c88c5eccd3333a4c8e7a5a7e66993f27f71845cc541df3011240b16837008dfd716f2996cc3b0a6a8c248101888248504da00922f839a09c9b4ccabac709e871fcc71ec77153528d6a449252a36999b19263de200fe6c3af15ca2d5a7a4890560f98231e55d8be075c66bbdacc295356d70cea03b492225b69b938f51a7991a8057564ea0831e56c7332ad32d8eee06e505679156c82e5abb2d7b80d09209041d98c11b5a461dff0047d9e26b56531f0a10576304c9f332d7f5c0eedb653538a8012a84ea8fe13067da3eb8df63b394db34829ad504870c1a3481a6fb79a2e24e4e4ae80a2a12a3d0b883db0b55aa5cce0fe75bc3858aed7c55668ad827c1735469305cc77a3bc24a00bfb32361717248b903691385eed076c2af7cc32cfa69292aa129a4102d24b29924e19a871047a22990240f0937f10da3a1e98f2da39dee731553f7599bc062dcf979636e39eaedb982789638a4b8fd02d4fb755e196aa53a808218e908d041d990083ed8a192e1b4b50d0ec9ac023bdd2419da1847a5c0c7151f2cf172beb17b1bfa4e2b16807c522223cf16356b62b8cab9dcf6ba6ab0350f1409f5c663c7f2bda3cca2055acc145803a4c7cc4e3319bdc48bfdfc7e217a95c8e58ae7534b191d49da390c435f89aa26a3763f0a8fbfa6282e65ea0d4d5411f41ed8f67ad707ce71e0955d52f2107a9f9388969bd575a54fe272157ca799f21bfb62b8abd24fae183b05435665aa1ffa6863fbcc607d037cf14e7c9a71b66ce9b06ac8a2ce7f481904a54b2b429fc34d5ae773f0c93e648fae10eb55f3f418f47fd28d32451204c6a1fe9ff7c79938ebbfe7f3ed8f3fdcf590e11b107cf0e9d99e06b4e9b57aa09714cb220be991631fbcf127c8911d70afc0b27ded55583a49be3d4a950869160001ec36fc319b3646b646de9a09fa9836bf06439aa7591405d3a8c0896fdd27ce0fff0091809c6386a3b570901ab150598f8410441dac260923a619b3b9b0a0807c8613b2fc4e9aa92c1aa386361e1163d664e063df7f061f69eba8c60d2dedbbad976fbca2fd8bcd2561976482c7fb4b940b133fec609db1e9bc0b8165f2d4d542878ddde09de7d16fd3033b3bda07ccd36a8e4c062a0193b44efbdc81835dfc024dad27d31a15b5b9cfeaba8fa5d107b7ea2b710acf5f355518f8257447f289e663c24b293e7e98a556921524862b1a41220068240034ea37fc3d8671fa8cb5485611ae520191371047b9de36b138e92b33065efda4b9d4eaec20010a149b892662d323a612bb9d582d31481999a13769661a401ca39002200b72eb8b94f2b45a990243ab5cb10419dcc44820e26a63b84d5ab5baff0066c02c92c0482c0de2f793178c2c54cdb6a660776e57f3ebe78756c0e90c19ea25290446990435a0906ff23cf156da453424b92034099f4b891037f3c50cd7116f086f874d88b58fe3cbdb14e9d76475653b49044e0a4072dc299fcbbd065d467faf4c3b76278eaaae9aac66a10aa0410b0098d22e2d7d517c27d7cd9720b8520c4f5f2f78c4dd9fe2b496a29aa9a957500279ec6222489b6d8592b43c25a595fb79c3fbacdd4d3f0542b5047f36f1eac09f7c2fae58cef8f40edfa8ad4a9550cacc834d4d113e2f849009801891fe2184acba853e312058c58fcf131cb546d0b2a6ed0c5c2b2d41aaad5ad48d48006953698024c5ec2f1d63ae0f66cfeacbfaad13124d47633a8480692f8b922ba9bc9d533b4e29f6568517aaa04055f15425a0e90448b9e6481ef8df69b88357ccc803415810a35369054cdaf304588e5869a51aa77e430f526dc6ab87dfe205c9d5255b53bb4ac16bdaeb6d3bd89d818bf9e2df02e25552afecea41800499d4409820ff0017df15732511914290d1e13a8136f84c16f0fafbcdb1054ce12ca4530182c31502645f579345ad1d7d51a4d0c9b4cf47e19c6e9d7f054eed2a7ee95695692445f9dbde4739027ecb70b099da8ea214d2f87906d4a0fd07d4e3cb28530ae66a4f8ac448041e60ec2e7eb8f46ec2f1c3df77754cb30d20cc991260f590a4ce33cb1e9e3834c72ebda5c8eb9ea7036c296712e461cabdf0b7c572a419c6668d517b095c6f893527740d1e142bcfe22413eda49c26662a492c4fc46ec4de7727df0dbdb5cbea14da6049527eab7ff36149b28ceda69cb440240fcc636e14946cc19dbd54111c3081af5a9b5944efcbca074c44f96a9f1318163077f5c7341de89d0f11caf313828d9d0eaabf174185529c5d4b75e456a2f8d81895a041c662fd3a14a2f24f3b63316eb42e929e6db1364480a237e7eb8cc663bf17ea3cbc97d19769976b0fc30ddfa3e5d22a9e6580f9027f138d633187adcf3f79eefb1d2e83a6c7ee7def7e02bdb7ca0a997d47f74cfcf1e5d5786b120daf8de331cf9c9a67530454a3b8cdd9ce1a13c5b9e5e5d70633fc43bb5bee7198cc626ee5b9bfeac360167b364f88edcb0ae401aee67513fd06378cc5b89b5c7939fd5c14e34c77e074851a34977014bb7a9d4e7ef1ed8bf9fcfe94333a88981d4ec27a5b198cc696f6385d3c54baaa7e58819dce78e009f0049363b869d881f08fc9c4d98a5a1288a44ea3132015d6602d9ac45ce378cc4e0ef7905f1cef693005ae04c08817378da778c7198a229f773bf859b6f88f886d631d31bc66197080f964798552cc9b069659e4778f4fe9e78a795a8a0c309bc7e38cc661908c9ead4930bf0937f2dbf3ef8d6590ea234fef444e3319884ee7a9e5bb39955a6352b39711ab530264720080bf993847e2fc3fb8aad4d81f29832bc8983bff004c663316e1f54d26539fd38db459e189a69380da45485631274f88da763a957e7e431c708cb5624b8bb80f209f0906e4efb10448e718de3319b32d33925e4d385b9422df839ad5150b16a6bdeef4d94691258013e8d07a5cfb419945645236d840892b16dfeb0396378cc04332265a7a7bc4f11046b56063a75fa8ebe58ca99deeeaeba6c5428f09021ac644f9cf31d3198cc350add1ea5d95ed6ae658a107505d46d61e9d45e3e5ec7b3d4a4633198c938a52691bf1c9b8a6c5acb6428d5acb4ebd30e8c7633f141d26c7afdf041fb2d42854a75696a4d07fb30494606c6cc6c6f8de331663fe948ae7fd68943b5b92ca3942f415aa1f116bad8458e98d533b1c50e1f97a5b2d1a6a3c9147e18cc6632b6d9ab4abe001c57878155f4a889b47a633198cc6a5c191c559ffd9, 'Juan', 'Perez', '2000-12-13', '402580950', 'Viudo/a', 'juanp@gmail.com', 'Finca 11'),
(8, NULL, 'Alan', 'Perez', '1998-01-06', '452587895', 'Casado/a', 'alanp@gmail.com', '100mts norte horquetas'),
(9, NULL, 'Maikel', 'Salinas', '1996-01-01', '626527262', 'Viudo/a', 'ma@gmail.com', 'Finca Agua'),
(11, NULL, 'Yeiler', 'Madrigal', '1998-01-01', '402580953', 'Viudo/a', 'yeiler@gmail.com', 'Finca 11'),
(13, NULL, 'Yeiler', 'Madrigal', '1998-01-01', '278787878', 'Viudo/a', 'yeiler@gmil.com', 'Finca 11'),
(14, NULL, 'Yeiler', 'Madrigal Matamoros', '1998-01-06', '309098909', 'Soltero/a', 'yeiler83@gmail.com', 'Finca 11');

-- --------------------------------------------------------

--
-- Estructura de tabla para la tabla `reporte`
--

CREATE TABLE `reporte` (
  `Id` int(11) NOT NULL,
  `Id_Empleado` int(11) DEFAULT NULL,
  `Fecha_Generacion` datetime DEFAULT NULL,
  `Tipo_Reporte` varchar(50) DEFAULT NULL,
  `Contenido` text DEFAULT NULL
) ENGINE=InnoDB DEFAULT CHARSET=utf8mb4 COLLATE=utf8mb4_unicode_ci;

-- --------------------------------------------------------

--
-- Estructura de tabla para la tabla `rol`
--

CREATE TABLE `rol` (
  `Id` int(11) NOT NULL,
  `Nombre` varchar(50) NOT NULL,
  `Descripcion` varchar(100) DEFAULT NULL
) ENGINE=InnoDB DEFAULT CHARSET=utf8mb4 COLLATE=utf8mb4_unicode_ci;

--
-- Volcado de datos para la tabla `rol`
--

INSERT INTO `rol` (`Id`, `Nombre`, `Descripcion`) VALUES
(1, 'Ventas', 'Vendendores');

-- --------------------------------------------------------

--
-- Estructura de tabla para la tabla `rol_horario`
--

CREATE TABLE `rol_horario` (
  `Id` int(11) NOT NULL,
  `Id_Rol` int(11) NOT NULL,
  `Id_Horario` int(11) NOT NULL
) ENGINE=InnoDB DEFAULT CHARSET=utf8mb4 COLLATE=utf8mb4_unicode_ci;

-- --------------------------------------------------------

--
-- Estructura de tabla para la tabla `solicitud_permiso`
--

CREATE TABLE `solicitud_permiso` (
  `Id` int(11) NOT NULL,
  `Id_Empleado` int(11) NOT NULL,
  `Tipo` varchar(50) NOT NULL,
  `Fecha_Inicio` date NOT NULL,
  `Fecha_Fin` date NOT NULL,
  `Descripcion` text NOT NULL,
  `Estado` varchar(20) NOT NULL
) ENGINE=InnoDB DEFAULT CHARSET=utf8mb4 COLLATE=utf8mb4_unicode_ci;

-- --------------------------------------------------------

--
-- Estructura de tabla para la tabla `telefono`
--

CREATE TABLE `telefono` (
  `Id` int(11) NOT NULL,
  `Id_Persona` int(11) NOT NULL,
  `Numero` varchar(15) NOT NULL,
  `Tipo_Contacto` varchar(45) NOT NULL
) ENGINE=InnoDB DEFAULT CHARSET=utf8mb4 COLLATE=utf8mb4_unicode_ci;

--
-- Volcado de datos para la tabla `telefono`
--

INSERT INTO `telefono` (`Id`, `Id_Persona`, `Numero`, `Tipo_Contacto`) VALUES
(1, 7, '88762201', 'Fijo'),
(2, 8, '89878548', 'Telefono personal'),
(3, 9, '88888888', 'Fijo'),
(4, 11, '77777777', 'Fijo'),
(6, 13, '99898989', 'Fijo'),
(7, 14, '89898393', 'Fijo');

-- --------------------------------------------------------

--
-- Estructura de tabla para la tabla `usuario`
--

CREATE TABLE `usuario` (
  `Id` int(11) NOT NULL,
  `Id_Persona` int(11) NOT NULL,
  `Usuario` varchar(50) NOT NULL,
  `Contrasena` varchar(100) NOT NULL
) ENGINE=InnoDB DEFAULT CHARSET=utf8mb4 COLLATE=utf8mb4_unicode_ci;

--
-- Volcado de datos para la tabla `usuario`
--

INSERT INTO `usuario` (`Id`, `Id_Persona`, `Usuario`, `Contrasena`) VALUES
(1, 1, 'admin', '$2a$12$38OuH8cvPIAxyqLqm240f.8TVh8o8eReC.UCWS2HJYBaqsmPlFNCC'),
(8, 3, 'mariaG', '$2b$12$vs1DdDyHQIYMdlazyiJ1SOtOJLxAqbzNOMcc/P3ycgdgnXONf0Xrm'),
(11, 4, 'CarlosR', '$2b$12$8OLxl5mjRV1lcTVOCTVZfu5NYyB10x6MaTFU2A/ws.Hyynw9b2ByO'),
(15, 2, 'juanP', '$2b$12$82esU8gKINjrD8udhjFMcu77ar4eapyH.R3l9p8c3IeAY3CHdegsG');

-- --------------------------------------------------------

--
-- Estructura de tabla para la tabla `usuario_perfil`
--

CREATE TABLE `usuario_perfil` (
  `Id` int(11) NOT NULL,
  `Id_Perfil` int(11) NOT NULL,
  `Id_Usuario` int(11) NOT NULL
) ENGINE=InnoDB DEFAULT CHARSET=utf8mb4 COLLATE=utf8mb4_unicode_ci;

--
-- Volcado de datos para la tabla `usuario_perfil`
--

INSERT INTO `usuario_perfil` (`Id`, `Id_Perfil`, `Id_Usuario`) VALUES
(7, 1, 8),
(10, 1, 11),
(13, 1, 15);

--
-- Índices para tablas volcadas
--

--
-- Indices de la tabla `asistencia`
--
ALTER TABLE `asistencia`
  ADD PRIMARY KEY (`Id`),
  ADD KEY `FK_Asistencia_Empleado` (`Id_Empleado`);

--
-- Indices de la tabla `departamento`
--
ALTER TABLE `departamento`
  ADD PRIMARY KEY (`Id`),
  ADD UNIQUE KEY `Nombre` (`Nombre`);

--
-- Indices de la tabla `detalle_asistencia`
--
ALTER TABLE `detalle_asistencia`
  ADD PRIMARY KEY (`Id`),
  ADD KEY `FK_Detalle_Asistencia_Asistencia` (`Id_Asistencia`);

--
-- Indices de la tabla `empleado`
--
ALTER TABLE `empleado`
  ADD PRIMARY KEY (`Id`),
  ADD KEY `FK_Empleado_Departamento` (`Id_Departamento`),
  ADD KEY `FK_Empleado_Persona` (`Id_Persona`);

--
-- Indices de la tabla `empleado_rol`
--
ALTER TABLE `empleado_rol`
  ADD PRIMARY KEY (`Id`),
  ADD KEY `FK_Empleado_Rol_Empleado` (`Id_Empleado`),
  ADD KEY `FK_Empleado_Rol_Rol` (`Id_Rol`);

--
-- Indices de la tabla `horario`
--
ALTER TABLE `horario`
  ADD PRIMARY KEY (`Id`);

--
-- Indices de la tabla `huella`
--
ALTER TABLE `huella`
  ADD PRIMARY KEY (`Id`),
  ADD UNIQUE KEY `Id_Empleado` (`Id_Empleado`);

--
-- Indices de la tabla `justificacion`
--
ALTER TABLE `justificacion`
  ADD PRIMARY KEY (`Id`),
  ADD KEY `FK_Justificacion_Asistencia` (`Id_Asistencia`),
  ADD KEY `FK_Justificacion_Empleado` (`Id_Empleado`);

--
-- Indices de la tabla `mantenimiento`
--
ALTER TABLE `mantenimiento`
  ADD PRIMARY KEY (`Id`),
  ADD KEY `FK_Mantenimiento_Usuario` (`Id_usuario`);

--
-- Indices de la tabla `perfil`
--
ALTER TABLE `perfil`
  ADD PRIMARY KEY (`Id`),
  ADD UNIQUE KEY `Nombre` (`Nombre`);

--
-- Indices de la tabla `permiso_perfil`
--
ALTER TABLE `permiso_perfil`
  ADD PRIMARY KEY (`Id`),
  ADD KEY `FK_Permiso_Perfil_Perfil` (`Id_Perfil`);

--
-- Indices de la tabla `persona`
--
ALTER TABLE `persona`
  ADD PRIMARY KEY (`Id`),
  ADD UNIQUE KEY `Cedula` (`Cedula`),
  ADD UNIQUE KEY `Correo` (`Correo`);

--
-- Indices de la tabla `reporte`
--
ALTER TABLE `reporte`
  ADD PRIMARY KEY (`Id`),
  ADD KEY `FK_Reporte_Empleado` (`Id_Empleado`);

--
-- Indices de la tabla `rol`
--
ALTER TABLE `rol`
  ADD PRIMARY KEY (`Id`),
  ADD UNIQUE KEY `Nombre` (`Nombre`);

--
-- Indices de la tabla `rol_horario`
--
ALTER TABLE `rol_horario`
  ADD PRIMARY KEY (`Id`),
  ADD KEY `FK_Rol_Horario_Rol` (`Id_Rol`),
  ADD KEY `FK_Rol_Horario_Horario` (`Id_Horario`);

--
-- Indices de la tabla `solicitud_permiso`
--
ALTER TABLE `solicitud_permiso`
  ADD PRIMARY KEY (`Id`),
  ADD KEY `FK_Solicitud_Permiso_Empleado` (`Id_Empleado`);

--
-- Indices de la tabla `telefono`
--
ALTER TABLE `telefono`
  ADD PRIMARY KEY (`Id`),
  ADD UNIQUE KEY `Numero` (`Numero`),
  ADD KEY `FK_Telefono_Persona` (`Id_Persona`);

--
-- Indices de la tabla `usuario`
--
ALTER TABLE `usuario`
  ADD PRIMARY KEY (`Id`),
  ADD UNIQUE KEY `Usuario` (`Usuario`),
  ADD KEY `FK_Usuario_Persona` (`Id_Persona`);

--
-- Indices de la tabla `usuario_perfil`
--
ALTER TABLE `usuario_perfil`
  ADD PRIMARY KEY (`Id`),
  ADD KEY `FK_Usuario_Perfil_Perfil` (`Id_Perfil`),
  ADD KEY `FK_Usuario_Perfil_Usuario` (`Id_Usuario`);

--
-- AUTO_INCREMENT de las tablas volcadas
--

--
-- AUTO_INCREMENT de la tabla `asistencia`
--
ALTER TABLE `asistencia`
  MODIFY `Id` int(11) NOT NULL AUTO_INCREMENT, AUTO_INCREMENT=9;

--
-- AUTO_INCREMENT de la tabla `departamento`
--
ALTER TABLE `departamento`
  MODIFY `Id` int(11) NOT NULL AUTO_INCREMENT, AUTO_INCREMENT=2;

--
-- AUTO_INCREMENT de la tabla `detalle_asistencia`
--
ALTER TABLE `detalle_asistencia`
  MODIFY `Id` int(11) NOT NULL AUTO_INCREMENT;

--
-- AUTO_INCREMENT de la tabla `empleado`
--
ALTER TABLE `empleado`
  MODIFY `Id` int(11) NOT NULL AUTO_INCREMENT, AUTO_INCREMENT=12;

--
-- AUTO_INCREMENT de la tabla `empleado_rol`
--
ALTER TABLE `empleado_rol`
  MODIFY `Id` int(11) NOT NULL AUTO_INCREMENT, AUTO_INCREMENT=7;

--
-- AUTO_INCREMENT de la tabla `horario`
--
ALTER TABLE `horario`
  MODIFY `Id` int(11) NOT NULL AUTO_INCREMENT;

--
-- AUTO_INCREMENT de la tabla `huella`
--
ALTER TABLE `huella`
  MODIFY `Id` int(11) NOT NULL AUTO_INCREMENT, AUTO_INCREMENT=5;

--
-- AUTO_INCREMENT de la tabla `justificacion`
--
ALTER TABLE `justificacion`
  MODIFY `Id` int(11) NOT NULL AUTO_INCREMENT, AUTO_INCREMENT=14;

--
-- AUTO_INCREMENT de la tabla `mantenimiento`
--
ALTER TABLE `mantenimiento`
  MODIFY `Id` int(11) NOT NULL AUTO_INCREMENT;

--
-- AUTO_INCREMENT de la tabla `perfil`
--
ALTER TABLE `perfil`
  MODIFY `Id` int(11) NOT NULL AUTO_INCREMENT, AUTO_INCREMENT=2;

--
-- AUTO_INCREMENT de la tabla `permiso_perfil`
--
ALTER TABLE `permiso_perfil`
  MODIFY `Id` int(11) NOT NULL AUTO_INCREMENT, AUTO_INCREMENT=3;

--
-- AUTO_INCREMENT de la tabla `persona`
--
ALTER TABLE `persona`
  MODIFY `Id` int(11) NOT NULL AUTO_INCREMENT, AUTO_INCREMENT=15;

--
-- AUTO_INCREMENT de la tabla `reporte`
--
ALTER TABLE `reporte`
  MODIFY `Id` int(11) NOT NULL AUTO_INCREMENT, AUTO_INCREMENT=2;

--
-- AUTO_INCREMENT de la tabla `rol`
--
ALTER TABLE `rol`
  MODIFY `Id` int(11) NOT NULL AUTO_INCREMENT, AUTO_INCREMENT=2;

--
-- AUTO_INCREMENT de la tabla `rol_horario`
--
ALTER TABLE `rol_horario`
  MODIFY `Id` int(11) NOT NULL AUTO_INCREMENT;

--
-- AUTO_INCREMENT de la tabla `solicitud_permiso`
--
ALTER TABLE `solicitud_permiso`
  MODIFY `Id` int(11) NOT NULL AUTO_INCREMENT;

--
-- AUTO_INCREMENT de la tabla `telefono`
--
ALTER TABLE `telefono`
  MODIFY `Id` int(11) NOT NULL AUTO_INCREMENT, AUTO_INCREMENT=8;

--
-- AUTO_INCREMENT de la tabla `usuario`
--
ALTER TABLE `usuario`
  MODIFY `Id` int(11) NOT NULL AUTO_INCREMENT, AUTO_INCREMENT=16;

--
-- AUTO_INCREMENT de la tabla `usuario_perfil`
--
ALTER TABLE `usuario_perfil`
  MODIFY `Id` int(11) NOT NULL AUTO_INCREMENT, AUTO_INCREMENT=14;

--
-- Restricciones para tablas volcadas
--

--
-- Filtros para la tabla `asistencia`
--
ALTER TABLE `asistencia`
  ADD CONSTRAINT `FK_Asistencia_Empleado` FOREIGN KEY (`Id_Empleado`) REFERENCES `empleado` (`Id`);

--
-- Filtros para la tabla `detalle_asistencia`
--
ALTER TABLE `detalle_asistencia`
  ADD CONSTRAINT `FK_Detalle_Asistencia_Asistencia` FOREIGN KEY (`Id_Asistencia`) REFERENCES `asistencia` (`Id`);

--
-- Filtros para la tabla `empleado`
--
ALTER TABLE `empleado`
  ADD CONSTRAINT `FK_Empleado_Departamento` FOREIGN KEY (`Id_Departamento`) REFERENCES `departamento` (`Id`),
  ADD CONSTRAINT `FK_Empleado_Persona` FOREIGN KEY (`Id_Persona`) REFERENCES `persona` (`Id`);

--
-- Filtros para la tabla `empleado_rol`
--
ALTER TABLE `empleado_rol`
  ADD CONSTRAINT `FK_Empleado_Rol_Empleado` FOREIGN KEY (`Id_Empleado`) REFERENCES `empleado` (`Id`),
  ADD CONSTRAINT `FK_Empleado_Rol_Rol` FOREIGN KEY (`Id_Rol`) REFERENCES `rol` (`Id`);

--
-- Filtros para la tabla `huella`
--
ALTER TABLE `huella`
  ADD CONSTRAINT `FK_Huella_Empleado` FOREIGN KEY (`Id_Empleado`) REFERENCES `empleado` (`Id`);

--
-- Filtros para la tabla `justificacion`
--
ALTER TABLE `justificacion`
  ADD CONSTRAINT `FK_Justificacion_Asistencia` FOREIGN KEY (`Id_Asistencia`) REFERENCES `asistencia` (`Id`),
  ADD CONSTRAINT `FK_Justificacion_Empleado` FOREIGN KEY (`Id_Empleado`) REFERENCES `empleado` (`Id`);

--
-- Filtros para la tabla `mantenimiento`
--
ALTER TABLE `mantenimiento`
  ADD CONSTRAINT `FK_Mantenimiento_Usuario` FOREIGN KEY (`Id_usuario`) REFERENCES `usuario` (`Id`);

--
-- Filtros para la tabla `permiso_perfil`
--
ALTER TABLE `permiso_perfil`
  ADD CONSTRAINT `FK_Permiso_Perfil_Perfil` FOREIGN KEY (`Id_Perfil`) REFERENCES `perfil` (`Id`);

--
-- Filtros para la tabla `reporte`
--
ALTER TABLE `reporte`
  ADD CONSTRAINT `FK_Reporte_Empleado` FOREIGN KEY (`Id_Empleado`) REFERENCES `empleado` (`Id`);

--
-- Filtros para la tabla `rol_horario`
--
ALTER TABLE `rol_horario`
  ADD CONSTRAINT `FK_Rol_Horario_Horario` FOREIGN KEY (`Id_Horario`) REFERENCES `horario` (`Id`),
  ADD CONSTRAINT `FK_Rol_Horario_Rol` FOREIGN KEY (`Id_Rol`) REFERENCES `rol` (`Id`);

--
-- Filtros para la tabla `solicitud_permiso`
--
ALTER TABLE `solicitud_permiso`
  ADD CONSTRAINT `FK_Solicitud_Permiso_Empleado` FOREIGN KEY (`Id_Empleado`) REFERENCES `empleado` (`Id`);

--
-- Filtros para la tabla `telefono`
--
ALTER TABLE `telefono`
  ADD CONSTRAINT `FK_Telefono_Persona` FOREIGN KEY (`Id_Persona`) REFERENCES `persona` (`Id`);

--
-- Filtros para la tabla `usuario`
--
ALTER TABLE `usuario`
  ADD CONSTRAINT `FK_Usuario_Persona` FOREIGN KEY (`Id_Persona`) REFERENCES `persona` (`Id`);

--
-- Filtros para la tabla `usuario_perfil`
--
ALTER TABLE `usuario_perfil`
  ADD CONSTRAINT `FK_Usuario_Perfil_Perfil` FOREIGN KEY (`Id_Perfil`) REFERENCES `perfil` (`Id`),
  ADD CONSTRAINT `FK_Usuario_Perfil_Usuario` FOREIGN KEY (`Id_Usuario`) REFERENCES `usuario` (`Id`);
COMMIT;

/*!40101 SET CHARACTER_SET_CLIENT=@OLD_CHARACTER_SET_CLIENT */;
/*!40101 SET CHARACTER_SET_RESULTS=@OLD_CHARACTER_SET_RESULTS */;
/*!40101 SET COLLATION_CONNECTION=@OLD_COLLATION_CONNECTION */;
